{
  "electric_devices":[
  {
    "device_nr":1,
    "name":"J1",
    "voltage":13.9697,
    "current":-30,
    "plus_pins":[
    {
      "pinId":1,
      "voltage":13.9697,
      "current":-30,
      "name":"J1-2"
    }],
    "min_pins":[
    {
      "pinId":0,
      "voltage":0,
      "current":30,
      "name":"J1.min"
    }]
  },
  {
    "device_nr":2,
    "name":"U2",
    "voltage":13.9659,
    "current":30,
    "plus_pins":[
    {
      "pinId":4,
      "voltage":13.9659,
      "current":3.29792,
      "name":"U2-4"
    },
    {
      "pinId":19,
      "voltage":13.9659,
      "current":0.434598,
      "name":"U2-4"
    },
    {
      "pinId":18,
      "voltage":13.9659,
      "current":1.23048,
      "name":"U2-4"
    },
    {
      "pinId":17,
      "voltage":13.9659,
      "current":0.524788,
      "name":"U2-4"
    },
    {
      "pinId":16,
      "voltage":13.9659,
      "current":1.5567,
      "name":"U2-4"
    },
    {
      "pinId":15,
      "voltage":13.9659,
      "current":0.63743,
      "name":"U2-4"
    },
    {
      "pinId":14,
      "voltage":13.9659,
      "current":1.72265,
      "name":"U2-4"
    },
    {
      "pinId":13,
      "voltage":13.9659,
      "current":0.753649,
      "name":"U2-4"
    },
    {
      "pinId":12,
      "voltage":13.9659,
      "current":1.03069,
      "name":"U2-4"
    },
    {
      "pinId":11,
      "voltage":13.9659,
      "current":2.12514,
      "name":"U2-4"
    },
    {
      "pinId":10,
      "voltage":13.9659,
      "current":0.968572,
      "name":"U2-4"
    },
    {
      "pinId":9,
      "voltage":13.9659,
      "current":3.04586,
      "name":"U2-4"
    },
    {
      "pinId":8,
      "voltage":13.9659,
      "current":1.43781,
      "name":"U2-4"
    },
    {
      "pinId":7,
      "voltage":13.9659,
      "current":4.14872,
      "name":"U2-4"
    },
    {
      "pinId":6,
      "voltage":13.9659,
      "current":2.29745,
      "name":"U2-4"
    },
    {
      "pinId":5,
      "voltage":13.9659,
      "current":4.14116,
      "name":"U2-4"
    },
    {
      "pinId":20,
      "voltage":13.9659,
      "current":0.646383,
      "name":"U2-4"
    }],
    "min_pins":[
    {
      "pinId":0,
      "voltage":0,
      "current":-30,
      "name":"U2.min"
    }]
  }]
}