{
  "electric_devices":[
  {
    "device_nr":1,
    "name":"J1",
    "voltage":13.9697,
    "current":-30,
    "plus_pins":[
    {
      "pinId":1,
      "voltage":13.9697,
      "current":-30,
      "name":"J1-2"
    }],
    "min_pins":[
    {
      "pinId":0,
      "voltage":0,
      "current":30,
      "name":"J1.min"
    }]
  },
  {
    "device_nr":2,
    "name":"U2",
    "voltage":13.9648,
    "current":30,
    "plus_pins":[
    {
      "pinId":4,
      "voltage":13.9648,
      "current":3.73783,
      "name":"U2-4"
    },
    {
      "pinId":19,
      "voltage":13.9648,
      "current":0.172767,
      "name":"U2-4"
    },
    {
      "pinId":18,
      "voltage":13.9648,
      "current":1.18841,
      "name":"U2-4"
    },
    {
      "pinId":17,
      "voltage":13.9648,
      "current":0.274229,
      "name":"U2-4"
    },
    {
      "pinId":16,
      "voltage":13.9648,
      "current":1.5627,
      "name":"U2-4"
    },
    {
      "pinId":15,
      "voltage":13.9648,
      "current":0.381972,
      "name":"U2-4"
    },
    {
      "pinId":14,
      "voltage":13.9648,
      "current":1.68962,
      "name":"U2-4"
    },
    {
      "pinId":13,
      "voltage":13.9648,
      "current":0.470173,
      "name":"U2-4"
    },
    {
      "pinId":12,
      "voltage":13.9648,
      "current":0.425389,
      "name":"U2-4"
    },
    {
      "pinId":11,
      "voltage":13.9648,
      "current":2.15463,
      "name":"U2-4"
    },
    {
      "pinId":10,
      "voltage":13.9648,
      "current":0.701695,
      "name":"U2-4"
    },
    {
      "pinId":9,
      "voltage":13.9648,
      "current":3.37304,
      "name":"U2-4"
    },
    {
      "pinId":8,
      "voltage":13.9648,
      "current":1.31695,
      "name":"U2-4"
    },
    {
      "pinId":7,
      "voltage":13.9648,
      "current":4.83916,
      "name":"U2-4"
    },
    {
      "pinId":6,
      "voltage":13.9648,
      "current":2.4464,
      "name":"U2-4"
    },
    {
      "pinId":5,
      "voltage":13.9648,
      "current":4.82475,
      "name":"U2-4"
    },
    {
      "pinId":20,
      "voltage":13.9648,
      "current":0.440281,
      "name":"U2-4"
    }],
    "min_pins":[
    {
      "pinId":0,
      "voltage":0,
      "current":-30,
      "name":"U2.min"
    }]
  }]
}