{
  "electric_devices":[
  {
    "device_nr":1,
    "name":"U2",
    "voltage":13.9644,
    "current":-35.6001,
    "plus_pins":[
    {
      "pinId":1,
      "voltage":13.9644,
      "current":-0.208312,
      "name":"U2-5"
    },
    {
      "pinId":17,
      "voltage":13.9644,
      "current":-4.7913,
      "name":"U2-5"
    },
    {
      "pinId":16,
      "voltage":13.9644,
      "current":-4.11699,
      "name":"U2-5"
    },
    {
      "pinId":15,
      "voltage":13.9644,
      "current":-4.75839,
      "name":"U2-5"
    },
    {
      "pinId":14,
      "voltage":13.9644,
      "current":-2.96894,
      "name":"U2-5"
    },
    {
      "pinId":13,
      "voltage":13.9644,
      "current":-3.66491,
      "name":"U2-5"
    },
    {
      "pinId":12,
      "voltage":13.9644,
      "current":-1.68134,
      "name":"U2-5"
    },
    {
      "pinId":11,
      "voltage":13.9644,
      "current":-2.72391,
      "name":"U2-5"
    },
    {
      "pinId":10,
      "voltage":13.9644,
      "current":-0.940357,
      "name":"U2-5"
    },
    {
      "pinId":8,
      "voltage":13.9644,
      "current":-2.42171,
      "name":"U2-5"
    },
    {
      "pinId":7,
      "voltage":13.9644,
      "current":-0.645356,
      "name":"U2-5"
    },
    {
      "pinId":6,
      "voltage":13.9644,
      "current":-2.51544,
      "name":"U2-5"
    },
    {
      "pinId":5,
      "voltage":13.9644,
      "current":-0.531614,
      "name":"U2-5"
    },
    {
      "pinId":4,
      "voltage":13.9644,
      "current":-1.93978,
      "name":"U2-5"
    },
    {
      "pinId":3,
      "voltage":13.9644,
      "current":-0.3831,
      "name":"U2-5"
    },
    {
      "pinId":2,
      "voltage":13.9644,
      "current":-0.582338,
      "name":"U2-5"
    },
    {
      "pinId":9,
      "voltage":13.9644,
      "current":-0.726334,
      "name":"U2-5"
    }],
    "min_pins":[
    {
      "pinId":0,
      "voltage":0,
      "current":35.6001,
      "name":"U2.min"
    }]
  },
  {
    "device_nr":2,
    "name":"F3",
    "voltage":13.9534,
    "current":7.00001,
    "plus_pins":[
    {
      "pinId":20,
      "voltage":13.9534,
      "current":4.85791,
      "name":"F3-2"
    },
    {
      "pinId":21,
      "voltage":13.9534,
      "current":2.1421,
      "name":"F3-2"
    }],
    "min_pins":[
    {
      "pinId":0,
      "voltage":0,
      "current":-7.00001,
      "name":"F3.min"
    }]
  },
  {
    "device_nr":3,
    "name":"F9",
    "voltage":13.9604,
    "current":0.150014,
    "plus_pins":[
    {
      "pinId":22,
      "voltage":13.9601,
      "current":-1.49607,
      "name":"F9-2"
    },
    {
      "pinId":23,
      "voltage":13.9601,
      "current":1.64608,
      "name":"F9-2"
    }],
    "min_pins":[
    {
      "pinId":0,
      "voltage":0,
      "current":-0.150014,
      "name":"F9.min"
    }]
  },
  {
    "device_nr":4,
    "name":"F1",
    "voltage":13.9573,
    "current":7.00001,
    "plus_pins":[
    {
      "pinId":24,
      "voltage":13.9573,
      "current":5.69057,
      "name":"F1-2"
    },
    {
      "pinId":25,
      "voltage":13.9573,
      "current":1.30945,
      "name":"F1-2"
    }],
    "min_pins":[
    {
      "pinId":0,
      "voltage":0,
      "current":-7.00001,
      "name":"F1.min"
    }]
  },
  {
    "device_nr":5,
    "name":"F2",
    "voltage":13.9556,
    "current":7.00001,
    "plus_pins":[
    {
      "pinId":26,
      "voltage":13.9556,
      "current":5.08139,
      "name":"F2-2"
    },
    {
      "pinId":27,
      "voltage":13.9556,
      "current":1.91862,
      "name":"F2-2"
    }],
    "min_pins":[
    {
      "pinId":0,
      "voltage":0,
      "current":-7.00001,
      "name":"F2.min"
    }]
  },
  {
    "device_nr":6,
    "name":"F5",
    "voltage":13.9506,
    "current":7.00001,
    "plus_pins":[
    {
      "pinId":28,
      "voltage":13.9506,
      "current":4.93317,
      "name":"F5-2"
    },
    {
      "pinId":29,
      "voltage":13.9506,
      "current":2.06685,
      "name":"F5-2"
    }],
    "min_pins":[
    {
      "pinId":0,
      "voltage":0,
      "current":-7.00001,
      "name":"F5.min"
    }]
  },
  {
    "device_nr":7,
    "name":"F6",
    "voltage":13.9561,
    "current":0.150014,
    "plus_pins":[
    {
      "pinId":30,
      "voltage":13.9561,
      "current":-0.300347,
      "name":"F6-2"
    },
    {
      "pinId":31,
      "voltage":13.9561,
      "current":0.450361,
      "name":"F6-2"
    }],
    "min_pins":[
    {
      "pinId":0,
      "voltage":0,
      "current":-0.150014,
      "name":"F6.min"
    }]
  },
  {
    "device_nr":8,
    "name":"F8",
    "voltage":13.9528,
    "current":0.150014,
    "plus_pins":[
    {
      "pinId":32,
      "voltage":13.9527,
      "current":-0.423359,
      "name":"F8-2"
    },
    {
      "pinId":33,
      "voltage":13.9527,
      "current":0.573373,
      "name":"F8-2"
    }],
    "min_pins":[
    {
      "pinId":0,
      "voltage":0,
      "current":-0.150014,
      "name":"F8.min"
    }]
  },
  {
    "device_nr":9,
    "name":"F4",
    "voltage":13.9516,
    "current":7.00001,
    "plus_pins":[
    {
      "pinId":34,
      "voltage":13.9516,
      "current":4.843,
      "name":"F4-2"
    },
    {
      "pinId":35,
      "voltage":13.9516,
      "current":2.15702,
      "name":"F4-2"
    }],
    "min_pins":[
    {
      "pinId":0,
      "voltage":0,
      "current":-7.00001,
      "name":"F4.min"
    }]
  },
  {
    "device_nr":10,
    "name":"F7",
    "voltage":13.9539,
    "current":0.150014,
    "plus_pins":[
    {
      "pinId":36,
      "voltage":13.9539,
      "current":-0.177573,
      "name":"F7-2"
    },
    {
      "pinId":37,
      "voltage":13.9539,
      "current":0.327587,
      "name":"F7-2"
    }],
    "min_pins":[
    {
      "pinId":0,
      "voltage":0,
      "current":-0.150014,
      "name":"F7.min"
    }]
  }]
}