{
  "electric_devices":[
  {
    "device_nr":1,
    "name":"U2",
    "voltage":13.9644,
    "current":-35.6001,
    "plus_pins":[
    {
      "pinId":1,
      "voltage":13.9644,
      "current":-0.643188,
      "name":"U2-5"
    },
    {
      "pinId":17,
      "voltage":13.9644,
      "current":-3.93374,
      "name":"U2-5"
    },
    {
      "pinId":16,
      "voltage":13.9644,
      "current":-3.41956,
      "name":"U2-5"
    },
    {
      "pinId":15,
      "voltage":13.9644,
      "current":-3.91157,
      "name":"U2-5"
    },
    {
      "pinId":14,
      "voltage":13.9644,
      "current":-2.61489,
      "name":"U2-5"
    },
    {
      "pinId":13,
      "voltage":13.9644,
      "current":-3.28088,
      "name":"U2-5"
    },
    {
      "pinId":12,
      "voltage":13.9644,
      "current":-1.75368,
      "name":"U2-5"
    },
    {
      "pinId":11,
      "voltage":13.9644,
      "current":-2.70077,
      "name":"U2-5"
    },
    {
      "pinId":10,
      "voltage":13.9644,
      "current":-1.27967,
      "name":"U2-5"
    },
    {
      "pinId":8,
      "voltage":13.9644,
      "current":-2.45162,
      "name":"U2-5"
    },
    {
      "pinId":7,
      "voltage":13.9644,
      "current":-1.04406,
      "name":"U2-5"
    },
    {
      "pinId":6,
      "voltage":13.9644,
      "current":-2.39245,
      "name":"U2-5"
    },
    {
      "pinId":5,
      "voltage":13.9644,
      "current":-0.886515,
      "name":"U2-5"
    },
    {
      "pinId":4,
      "voltage":13.9644,
      "current":-1.9282,
      "name":"U2-5"
    },
    {
      "pinId":3,
      "voltage":13.9644,
      "current":-0.754391,
      "name":"U2-5"
    },
    {
      "pinId":2,
      "voltage":13.9644,
      "current":-0.945758,
      "name":"U2-5"
    },
    {
      "pinId":9,
      "voltage":13.9644,
      "current":-1.65919,
      "name":"U2-5"
    }],
    "min_pins":[
    {
      "pinId":0,
      "voltage":0,
      "current":35.6001,
      "name":"U2.min"
    }]
  },
  {
    "device_nr":2,
    "name":"F3",
    "voltage":13.9552,
    "current":7.00001,
    "plus_pins":[
    {
      "pinId":20,
      "voltage":13.9552,
      "current":4.85648,
      "name":"F3-2"
    },
    {
      "pinId":21,
      "voltage":13.9552,
      "current":2.14353,
      "name":"F3-2"
    }],
    "min_pins":[
    {
      "pinId":0,
      "voltage":0,
      "current":-7.00001,
      "name":"F3.min"
    }]
  },
  {
    "device_nr":3,
    "name":"F9",
    "voltage":13.9616,
    "current":0.150014,
    "plus_pins":[
    {
      "pinId":22,
      "voltage":13.9615,
      "current":-0.954278,
      "name":"F9-2"
    },
    {
      "pinId":23,
      "voltage":13.9615,
      "current":1.10429,
      "name":"F9-2"
    }],
    "min_pins":[
    {
      "pinId":0,
      "voltage":0,
      "current":-0.150014,
      "name":"F9.min"
    }]
  },
  {
    "device_nr":4,
    "name":"F1",
    "voltage":13.9593,
    "current":7.00001,
    "plus_pins":[
    {
      "pinId":24,
      "voltage":13.9593,
      "current":5.782,
      "name":"F1-2"
    },
    {
      "pinId":25,
      "voltage":13.9593,
      "current":1.21801,
      "name":"F1-2"
    }],
    "min_pins":[
    {
      "pinId":0,
      "voltage":0,
      "current":-7.00001,
      "name":"F1.min"
    }]
  },
  {
    "device_nr":5,
    "name":"F2",
    "voltage":13.9575,
    "current":7.00001,
    "plus_pins":[
    {
      "pinId":26,
      "voltage":13.9575,
      "current":5.0541,
      "name":"F2-2"
    },
    {
      "pinId":27,
      "voltage":13.9574,
      "current":1.94591,
      "name":"F2-2"
    }],
    "min_pins":[
    {
      "pinId":0,
      "voltage":0,
      "current":-7.00001,
      "name":"F2.min"
    }]
  },
  {
    "device_nr":6,
    "name":"F5",
    "voltage":13.9524,
    "current":7.00001,
    "plus_pins":[
    {
      "pinId":28,
      "voltage":13.9524,
      "current":4.9515,
      "name":"F5-2"
    },
    {
      "pinId":29,
      "voltage":13.9524,
      "current":2.04851,
      "name":"F5-2"
    }],
    "min_pins":[
    {
      "pinId":0,
      "voltage":0,
      "current":-7.00001,
      "name":"F5.min"
    }]
  },
  {
    "device_nr":7,
    "name":"F6",
    "voltage":13.9578,
    "current":0.150014,
    "plus_pins":[
    {
      "pinId":30,
      "voltage":13.9578,
      "current":-0.244623,
      "name":"F6-2"
    },
    {
      "pinId":31,
      "voltage":13.9578,
      "current":0.394637,
      "name":"F6-2"
    }],
    "min_pins":[
    {
      "pinId":0,
      "voltage":0,
      "current":-0.150014,
      "name":"F6.min"
    }]
  },
  {
    "device_nr":8,
    "name":"F8",
    "voltage":13.9545,
    "current":0.150014,
    "plus_pins":[
    {
      "pinId":32,
      "voltage":13.9545,
      "current":-0.42393,
      "name":"F8-2"
    },
    {
      "pinId":33,
      "voltage":13.9545,
      "current":0.573944,
      "name":"F8-2"
    }],
    "min_pins":[
    {
      "pinId":0,
      "voltage":0,
      "current":-0.150014,
      "name":"F8.min"
    }]
  },
  {
    "device_nr":9,
    "name":"F4",
    "voltage":13.9534,
    "current":7.00001,
    "plus_pins":[
    {
      "pinId":34,
      "voltage":13.9534,
      "current":4.87259,
      "name":"F4-2"
    },
    {
      "pinId":35,
      "voltage":13.9534,
      "current":2.12743,
      "name":"F4-2"
    }],
    "min_pins":[
    {
      "pinId":0,
      "voltage":0,
      "current":-7.00001,
      "name":"F4.min"
    }]
  },
  {
    "device_nr":10,
    "name":"F7",
    "voltage":13.9557,
    "current":0.150014,
    "plus_pins":[
    {
      "pinId":36,
      "voltage":13.9556,
      "current":-0.172691,
      "name":"F7-2"
    },
    {
      "pinId":37,
      "voltage":13.9556,
      "current":0.322704,
      "name":"F7-2"
    }],
    "min_pins":[
    {
      "pinId":0,
      "voltage":0,
      "current":-0.150014,
      "name":"F7.min"
    }]
  }]
}