{
  "electric_devices":[
  {
    "device_nr":1,
    "name":"U2",
    "voltage":13.9644,
    "current":-35.6001,
    "plus_pins":[
    {
      "pinId":1,
      "voltage":13.9644,
      "current":-0.641582,
      "name":"U2-5"
    },
    {
      "pinId":17,
      "voltage":13.9644,
      "current":-3.93871,
      "name":"U2-5"
    },
    {
      "pinId":16,
      "voltage":13.9644,
      "current":-3.42532,
      "name":"U2-5"
    },
    {
      "pinId":15,
      "voltage":13.9644,
      "current":-3.95216,
      "name":"U2-5"
    },
    {
      "pinId":14,
      "voltage":13.9644,
      "current":-2.60923,
      "name":"U2-5"
    },
    {
      "pinId":13,
      "voltage":13.9644,
      "current":-3.32333,
      "name":"U2-5"
    },
    {
      "pinId":12,
      "voltage":13.9644,
      "current":-1.7526,
      "name":"U2-5"
    },
    {
      "pinId":11,
      "voltage":13.9644,
      "current":-2.7073,
      "name":"U2-5"
    },
    {
      "pinId":10,
      "voltage":13.9644,
      "current":-1.27543,
      "name":"U2-5"
    },
    {
      "pinId":8,
      "voltage":13.9644,
      "current":-2.45115,
      "name":"U2-5"
    },
    {
      "pinId":7,
      "voltage":13.9644,
      "current":-1.03608,
      "name":"U2-5"
    },
    {
      "pinId":6,
      "voltage":13.9644,
      "current":-2.39795,
      "name":"U2-5"
    },
    {
      "pinId":5,
      "voltage":13.9644,
      "current":-0.876088,
      "name":"U2-5"
    },
    {
      "pinId":4,
      "voltage":13.9644,
      "current":-1.92495,
      "name":"U2-5"
    },
    {
      "pinId":3,
      "voltage":13.9644,
      "current":-0.747398,
      "name":"U2-5"
    },
    {
      "pinId":2,
      "voltage":13.9644,
      "current":-0.945631,
      "name":"U2-5"
    },
    {
      "pinId":9,
      "voltage":13.9644,
      "current":-1.59522,
      "name":"U2-5"
    }],
    "min_pins":[
    {
      "pinId":0,
      "voltage":0,
      "current":35.6001,
      "name":"U2.min"
    }]
  },
  {
    "device_nr":2,
    "name":"F3",
    "voltage":13.9466,
    "current":7.00001,
    "plus_pins":[
    {
      "pinId":20,
      "voltage":13.9466,
      "current":4.94827,
      "name":"F3-2"
    },
    {
      "pinId":21,
      "voltage":13.9466,
      "current":2.05175,
      "name":"F3-2"
    }],
    "min_pins":[
    {
      "pinId":0,
      "voltage":0,
      "current":-7.00001,
      "name":"F3.min"
    }]
  },
  {
    "device_nr":3,
    "name":"F9",
    "voltage":13.9592,
    "current":0.150014,
    "plus_pins":[
    {
      "pinId":22,
      "voltage":13.959,
      "current":-1.01805,
      "name":"F9-2"
    },
    {
      "pinId":23,
      "voltage":13.9591,
      "current":1.16806,
      "name":"F9-2"
    }],
    "min_pins":[
    {
      "pinId":0,
      "voltage":0,
      "current":-0.150014,
      "name":"F9.min"
    }]
  },
  {
    "device_nr":4,
    "name":"F1",
    "voltage":13.9547,
    "current":7.00001,
    "plus_pins":[
    {
      "pinId":24,
      "voltage":13.9547,
      "current":5.94455,
      "name":"F1-2"
    },
    {
      "pinId":25,
      "voltage":13.9547,
      "current":1.05546,
      "name":"F1-2"
    }],
    "min_pins":[
    {
      "pinId":0,
      "voltage":0,
      "current":-7.00001,
      "name":"F1.min"
    }]
  },
  {
    "device_nr":5,
    "name":"F2",
    "voltage":13.9511,
    "current":7.00001,
    "plus_pins":[
    {
      "pinId":26,
      "voltage":13.9511,
      "current":5.16505,
      "name":"F2-2"
    },
    {
      "pinId":27,
      "voltage":13.9511,
      "current":1.83496,
      "name":"F2-2"
    }],
    "min_pins":[
    {
      "pinId":0,
      "voltage":0,
      "current":-7.00001,
      "name":"F2.min"
    }]
  },
  {
    "device_nr":6,
    "name":"F5",
    "voltage":13.9412,
    "current":7.00001,
    "plus_pins":[
    {
      "pinId":28,
      "voltage":13.9412,
      "current":5.05112,
      "name":"F5-2"
    },
    {
      "pinId":29,
      "voltage":13.9411,
      "current":1.9489,
      "name":"F5-2"
    }],
    "min_pins":[
    {
      "pinId":0,
      "voltage":0,
      "current":-7.00001,
      "name":"F5.min"
    }]
  },
  {
    "device_nr":7,
    "name":"F6",
    "voltage":13.9518,
    "current":0.150014,
    "plus_pins":[
    {
      "pinId":30,
      "voltage":13.9517,
      "current":-0.261901,
      "name":"F6-2"
    },
    {
      "pinId":31,
      "voltage":13.9517,
      "current":0.411915,
      "name":"F6-2"
    }],
    "min_pins":[
    {
      "pinId":0,
      "voltage":0,
      "current":-0.150014,
      "name":"F6.min"
    }]
  },
  {
    "device_nr":8,
    "name":"F8",
    "voltage":13.9453,
    "current":0.150014,
    "plus_pins":[
    {
      "pinId":32,
      "voltage":13.9452,
      "current":-0.458095,
      "name":"F8-2"
    },
    {
      "pinId":33,
      "voltage":13.9453,
      "current":0.608109,
      "name":"F8-2"
    }],
    "min_pins":[
    {
      "pinId":0,
      "voltage":0,
      "current":-0.150014,
      "name":"F8.min"
    }]
  },
  {
    "device_nr":9,
    "name":"F4",
    "voltage":13.9431,
    "current":7.00001,
    "plus_pins":[
    {
      "pinId":34,
      "voltage":13.9431,
      "current":4.96825,
      "name":"F4-2"
    },
    {
      "pinId":35,
      "voltage":13.9431,
      "current":2.03176,
      "name":"F4-2"
    }],
    "min_pins":[
    {
      "pinId":0,
      "voltage":0,
      "current":-7.00001,
      "name":"F4.min"
    }]
  },
  {
    "device_nr":10,
    "name":"F7",
    "voltage":13.9475,
    "current":0.150014,
    "plus_pins":[
    {
      "pinId":36,
      "voltage":13.9475,
      "current":-0.186055,
      "name":"F7-2"
    },
    {
      "pinId":37,
      "voltage":13.9475,
      "current":0.336069,
      "name":"F7-2"
    }],
    "min_pins":[
    {
      "pinId":0,
      "voltage":0,
      "current":-0.150014,
      "name":"F7.min"
    }]
  }]
}