{
  "electric_devices":[
  {
    "device_nr":1,
    "name":"U2",
    "voltage":13.9644,
    "current":-35.6001,
    "plus_pins":[
    {
      "pinId":1,
      "voltage":13.9644,
      "current":-0.359782,
      "name":"U2-5"
    },
    {
      "pinId":17,
      "voltage":13.9644,
      "current":-4.48551,
      "name":"U2-5"
    },
    {
      "pinId":16,
      "voltage":13.9644,
      "current":-3.79329,
      "name":"U2-5"
    },
    {
      "pinId":15,
      "voltage":13.9644,
      "current":-4.6386,
      "name":"U2-5"
    },
    {
      "pinId":14,
      "voltage":13.9644,
      "current":-2.7909,
      "name":"U2-5"
    },
    {
      "pinId":13,
      "voltage":13.9644,
      "current":-3.65063,
      "name":"U2-5"
    },
    {
      "pinId":12,
      "voltage":13.9644,
      "current":-1.71755,
      "name":"U2-5"
    },
    {
      "pinId":11,
      "voltage":13.9644,
      "current":-2.74409,
      "name":"U2-5"
    },
    {
      "pinId":10,
      "voltage":13.9644,
      "current":-1.0786,
      "name":"U2-5"
    },
    {
      "pinId":8,
      "voltage":13.9644,
      "current":-2.39632,
      "name":"U2-5"
    },
    {
      "pinId":7,
      "voltage":13.9644,
      "current":-0.803035,
      "name":"U2-5"
    },
    {
      "pinId":6,
      "voltage":13.9644,
      "current":-2.3646,
      "name":"U2-5"
    },
    {
      "pinId":5,
      "voltage":13.9644,
      "current":-0.663876,
      "name":"U2-5"
    },
    {
      "pinId":4,
      "voltage":13.9644,
      "current":-1.85147,
      "name":"U2-5"
    },
    {
      "pinId":3,
      "voltage":13.9644,
      "current":-0.513807,
      "name":"U2-5"
    },
    {
      "pinId":2,
      "voltage":13.9644,
      "current":-0.688435,
      "name":"U2-5"
    },
    {
      "pinId":9,
      "voltage":13.9644,
      "current":-1.05962,
      "name":"U2-5"
    }],
    "min_pins":[
    {
      "pinId":0,
      "voltage":0,
      "current":35.6001,
      "name":"U2.min"
    }]
  },
  {
    "device_nr":2,
    "name":"F3",
    "voltage":13.9525,
    "current":7.00001,
    "plus_pins":[
    {
      "pinId":20,
      "voltage":13.9525,
      "current":5.40322,
      "name":"F3-2"
    },
    {
      "pinId":21,
      "voltage":13.9525,
      "current":1.5968,
      "name":"F3-2"
    }],
    "min_pins":[
    {
      "pinId":0,
      "voltage":0,
      "current":-7.00001,
      "name":"F3.min"
    }]
  },
  {
    "device_nr":3,
    "name":"F9",
    "voltage":13.961,
    "current":0.150014,
    "plus_pins":[
    {
      "pinId":22,
      "voltage":13.9604,
      "current":-1.93845,
      "name":"F9-2"
    },
    {
      "pinId":23,
      "voltage":13.9605,
      "current":2.08846,
      "name":"F9-2"
    }],
    "min_pins":[
    {
      "pinId":0,
      "voltage":0,
      "current":-0.150014,
      "name":"F9.min"
    }]
  },
  {
    "device_nr":4,
    "name":"F1",
    "voltage":13.9573,
    "current":7.00001,
    "plus_pins":[
    {
      "pinId":24,
      "voltage":13.9573,
      "current":5.4302,
      "name":"F1-2"
    },
    {
      "pinId":25,
      "voltage":13.9573,
      "current":1.56981,
      "name":"F1-2"
    }],
    "min_pins":[
    {
      "pinId":0,
      "voltage":0,
      "current":-7.00001,
      "name":"F1.min"
    }]
  },
  {
    "device_nr":5,
    "name":"F2",
    "voltage":13.9554,
    "current":7.00001,
    "plus_pins":[
    {
      "pinId":26,
      "voltage":13.9554,
      "current":5.46111,
      "name":"F2-2"
    },
    {
      "pinId":27,
      "voltage":13.9553,
      "current":1.53891,
      "name":"F2-2"
    }],
    "min_pins":[
    {
      "pinId":0,
      "voltage":0,
      "current":-7.00001,
      "name":"F2.min"
    }]
  },
  {
    "device_nr":6,
    "name":"F5",
    "voltage":13.9492,
    "current":7.00001,
    "plus_pins":[
    {
      "pinId":28,
      "voltage":13.9492,
      "current":5.33863,
      "name":"F5-2"
    },
    {
      "pinId":29,
      "voltage":13.9491,
      "current":1.66139,
      "name":"F5-2"
    }],
    "min_pins":[
    {
      "pinId":0,
      "voltage":0,
      "current":-7.00001,
      "name":"F5.min"
    }]
  },
  {
    "device_nr":7,
    "name":"F6",
    "voltage":13.9555,
    "current":0.150014,
    "plus_pins":[
    {
      "pinId":30,
      "voltage":13.9554,
      "current":0.659881,
      "name":"F6-2"
    },
    {
      "pinId":31,
      "voltage":13.9554,
      "current":-0.509867,
      "name":"F6-2"
    }],
    "min_pins":[
    {
      "pinId":0,
      "voltage":0,
      "current":-0.150014,
      "name":"F6.min"
    }]
  },
  {
    "device_nr":8,
    "name":"F8",
    "voltage":13.9512,
    "current":0.150014,
    "plus_pins":[
    {
      "pinId":32,
      "voltage":13.9512,
      "current":0.114771,
      "name":"F8-2"
    },
    {
      "pinId":33,
      "voltage":13.9512,
      "current":0.035243,
      "name":"F8-2"
    }],
    "min_pins":[
    {
      "pinId":0,
      "voltage":0,
      "current":-0.150014,
      "name":"F8.min"
    }]
  },
  {
    "device_nr":9,
    "name":"F4",
    "voltage":13.9503,
    "current":7.00001,
    "plus_pins":[
    {
      "pinId":34,
      "voltage":13.9503,
      "current":5.22617,
      "name":"F4-2"
    },
    {
      "pinId":35,
      "voltage":13.9503,
      "current":1.77385,
      "name":"F4-2"
    }],
    "min_pins":[
    {
      "pinId":0,
      "voltage":0,
      "current":-7.00001,
      "name":"F4.min"
    }]
  },
  {
    "device_nr":10,
    "name":"F7",
    "voltage":13.9528,
    "current":0.150014,
    "plus_pins":[
    {
      "pinId":36,
      "voltage":13.9528,
      "current":0.472571,
      "name":"F7-2"
    },
    {
      "pinId":37,
      "voltage":13.9528,
      "current":-0.322557,
      "name":"F7-2"
    }],
    "min_pins":[
    {
      "pinId":0,
      "voltage":0,
      "current":-0.150014,
      "name":"F7.min"
    }]
  }]
}