{
  "electric_devices":[
  {
    "device_nr":1,
    "name":"J1",
    "voltage":13.9697,
    "current":-30,
    "plus_pins":[
    {
      "pinId":1,
      "voltage":13.9697,
      "current":-30,
      "name":"J1-2"
    }],
    "min_pins":[
    {
      "pinId":0,
      "voltage":0,
      "current":30,
      "name":"J1.min"
    }]
  },
  {
    "device_nr":2,
    "name":"U2",
    "voltage":13.9659,
    "current":30,
    "plus_pins":[
    {
      "pinId":4,
      "voltage":13.966,
      "current":3.32968,
      "name":"U2-4"
    },
    {
      "pinId":19,
      "voltage":13.9659,
      "current":0.41227,
      "name":"U2-4"
    },
    {
      "pinId":18,
      "voltage":13.9659,
      "current":1.2264,
      "name":"U2-4"
    },
    {
      "pinId":17,
      "voltage":13.9659,
      "current":0.517091,
      "name":"U2-4"
    },
    {
      "pinId":16,
      "voltage":13.9659,
      "current":1.57077,
      "name":"U2-4"
    },
    {
      "pinId":15,
      "voltage":13.9659,
      "current":0.643459,
      "name":"U2-4"
    },
    {
      "pinId":14,
      "voltage":13.9659,
      "current":1.72994,
      "name":"U2-4"
    },
    {
      "pinId":13,
      "voltage":13.9659,
      "current":0.762107,
      "name":"U2-4"
    },
    {
      "pinId":12,
      "voltage":13.9659,
      "current":0.975257,
      "name":"U2-4"
    },
    {
      "pinId":11,
      "voltage":13.9659,
      "current":2.11982,
      "name":"U2-4"
    },
    {
      "pinId":10,
      "voltage":13.9659,
      "current":0.981117,
      "name":"U2-4"
    },
    {
      "pinId":9,
      "voltage":13.9659,
      "current":3.03881,
      "name":"U2-4"
    },
    {
      "pinId":8,
      "voltage":13.9659,
      "current":1.46824,
      "name":"U2-4"
    },
    {
      "pinId":7,
      "voltage":13.966,
      "current":4.12868,
      "name":"U2-4"
    },
    {
      "pinId":6,
      "voltage":13.9659,
      "current":2.34137,
      "name":"U2-4"
    },
    {
      "pinId":5,
      "voltage":13.966,
      "current":4.12978,
      "name":"U2-4"
    },
    {
      "pinId":20,
      "voltage":13.9659,
      "current":0.62523,
      "name":"U2-4"
    }],
    "min_pins":[
    {
      "pinId":0,
      "voltage":0,
      "current":-30,
      "name":"U2.min"
    }]
  }]
}